﻿<?xml version="1.0" encoding="UTF-8"?>
<MetaDataObject xmlns="http://v8.1c.ru/8.3/MDClasses" xmlns:app="http://v8.1c.ru/8.2/managed-application/core" xmlns:cfg="http://v8.1c.ru/8.1/data/enterprise/current-config" xmlns:cmi="http://v8.1c.ru/8.2/managed-application/cmi" xmlns:ent="http://v8.1c.ru/8.1/data/enterprise" xmlns:lf="http://v8.1c.ru/8.2/managed-application/logform" xmlns:style="http://v8.1c.ru/8.1/data/ui/style" xmlns:sys="http://v8.1c.ru/8.1/data/ui/fonts/system" xmlns:v8="http://v8.1c.ru/8.1/data/core" xmlns:v8ui="http://v8.1c.ru/8.1/data/ui" xmlns:web="http://v8.1c.ru/8.1/data/ui/colors/web" xmlns:win="http://v8.1c.ru/8.1/data/ui/colors/windows" xmlns:xen="http://v8.1c.ru/8.3/xcf/enums" xmlns:xpr="http://v8.1c.ru/8.3/xcf/predef" xmlns:xr="http://v8.1c.ru/8.3/xcf/readable" xmlns:xs="http://www.w3.org/2001/XMLSchema" xmlns:xsi="http://www.w3.org/2001/XMLSchema-instance">
	<Configuration uuid="a7b237c7-d79f-4727-8475-781636b91dfd" formatVersion="1.0">
		<InternalInfo>
			<xr:ContainedObject>
				<xr:ClassId>9cd510cd-abfc-11d4-9434-004095e12fc7</xr:ClassId>
				<xr:ObjectId>65831307-c8bc-4890-b9dd-28feffeb6f9b</xr:ObjectId>
			</xr:ContainedObject>
			<xr:ContainedObject>
				<xr:ClassId>9fcd25a0-4822-11d4-9414-008048da11f9</xr:ClassId>
				<xr:ObjectId>60eecf07-f214-4a48-9126-a0bb02200e6c</xr:ObjectId>
			</xr:ContainedObject>
			<xr:ContainedObject>
				<xr:ClassId>e3687481-0a87-462c-a166-9f34594f9bba</xr:ClassId>
				<xr:ObjectId>6c42caef-eaac-48c2-b596-1d9ffe8d0c4b</xr:ObjectId>
			</xr:ContainedObject>
			<xr:ContainedObject>
				<xr:ClassId>9de14907-ec23-4a07-96f0-85521cb6b53b</xr:ClassId>
				<xr:ObjectId>a55095d7-82f6-4eb5-9cee-a9699be97fee</xr:ObjectId>
			</xr:ContainedObject>
			<xr:ContainedObject>
				<xr:ClassId>51f2d5d8-ea4d-4064-8892-82951750031e</xr:ClassId>
				<xr:ObjectId>4b8b7c08-f17d-4e50-b74f-85058664c1ac</xr:ObjectId>
			</xr:ContainedObject>
			<xr:ContainedObject>
				<xr:ClassId>e68182ea-4237-4383-967f-90c1e3370bc7</xr:ClassId>
				<xr:ObjectId>071e762e-b752-4bf8-b4f1-384460d9f342</xr:ObjectId>
			</xr:ContainedObject>
		</InternalInfo>
		<Properties>
			<Name>Конфигурация</Name>
			<Synonym/>
			<Comment/>
			<NamePrefix/>
			<DefaultRunMode>OrdinaryApplication</DefaultRunMode>
			<UsePurposes>
				<v8:Value xsi:type="app:ApplicationUsePurpose">PersonalComputer</v8:Value>
			</UsePurposes>
			<ScriptVariant>Russian</ScriptVariant>
			<DefaultRoles/>
			<Vendor/>
			<Version/>
			<UpdateCatalogAddress/>
			<IncludeHelpInContents>false</IncludeHelpInContents>
			<UseManagedFormInOrdinaryApplication>false</UseManagedFormInOrdinaryApplication>
			<UseOrdinaryFormInManagedApplication>false</UseOrdinaryFormInManagedApplication>
			<AdditionalFullTextSearchDictionaries/>
			<CommonSettingsStorage/>
			<ReportsUserSettingsStorage/>
			<ReportsVariantsStorage/>
			<FormDataSettingsStorage/>
			<DynamicListsUserSettingsStorage/>
			<Content/>
			<DefaultReportForm/>
			<DefaultReportVariantForm/>
			<DefaultReportSettingsForm/>
			<DefaultDynamicListSettingsForm/>
			<DefaultSearchForm/>
			<RequiredMobileApplicationPermissions>
				<v8:pair>
					<v8:Key xsi:type="app:RequiredMobileApplicationPermissions">Multimedia</v8:Key>
					<v8:Value xsi:type="xs:boolean">false</v8:Value>
				</v8:pair>
				<v8:pair>
					<v8:Key xsi:type="app:RequiredMobileApplicationPermissions">Location</v8:Key>
					<v8:Value xsi:type="xs:boolean">false</v8:Value>
				</v8:pair>
				<v8:pair>
					<v8:Key xsi:type="app:RequiredMobileApplicationPermissions">Contacts</v8:Key>
					<v8:Value xsi:type="xs:boolean">false</v8:Value>
				</v8:pair>
				<v8:pair>
					<v8:Key xsi:type="app:RequiredMobileApplicationPermissions">Calendars</v8:Key>
					<v8:Value xsi:type="xs:boolean">false</v8:Value>
				</v8:pair>
				<v8:pair>
					<v8:Key xsi:type="app:RequiredMobileApplicationPermissions">Telephony</v8:Key>
					<v8:Value xsi:type="xs:boolean">false</v8:Value>
				</v8:pair>
				<v8:pair>
					<v8:Key xsi:type="app:RequiredMobileApplicationPermissions">PushNotification</v8:Key>
					<v8:Value xsi:type="xs:boolean">false</v8:Value>
				</v8:pair>
				<v8:pair>
					<v8:Key xsi:type="app:RequiredMobileApplicationPermissions">LocalNotification</v8:Key>
					<v8:Value xsi:type="xs:boolean">false</v8:Value>
				</v8:pair>
			</RequiredMobileApplicationPermissions>
			<DefaultInterface/>
			<DefaultStyle/>
			<DefaultLanguage>Language.Русский</DefaultLanguage>
			<BriefInformation/>
			<DetailedInformation/>
			<Copyright/>
			<VendorInformationAddress/>
			<ConfigurationInformationAddress/>
			<DataLockControlMode>Managed</DataLockControlMode>
			<ObjectAutonumerationMode>NotAutoFree</ObjectAutonumerationMode>
			<ModalityUseMode>Use</ModalityUseMode>
			<SynchronousExtensionAndAddInCallUseMode>Use</SynchronousExtensionAndAddInCallUseMode>
			<InterfaceCompatibilityMode>Version8_2</InterfaceCompatibilityMode>
			<CompatibilityMode>Version8_2_16</CompatibilityMode>
			<DefaultConstantsForm/>
		</Properties>
		<ChildObjects>
			<Language>Русский</Language>
			<Role>Админ</Role>
			<Catalog>Справочник1</Catalog>
			<Catalog>Справочник2</Catalog>
			<Document>Документ1</Document>
			<InformationRegister>РегистрСведений1</InformationRegister>
		</ChildObjects>
	</Configuration>
</MetaDataObject>