﻿<?xml version="1.0" encoding="UTF-8"?>
<MetaDataObject xmlns="http://v8.1c.ru/8.3/MDClasses" xmlns:app="http://v8.1c.ru/8.2/managed-application/core" xmlns:cfg="http://v8.1c.ru/8.1/data/enterprise/current-config" xmlns:cmi="http://v8.1c.ru/8.2/managed-application/cmi" xmlns:ent="http://v8.1c.ru/8.1/data/enterprise" xmlns:lf="http://v8.1c.ru/8.2/managed-application/logform" xmlns:style="http://v8.1c.ru/8.1/data/ui/style" xmlns:sys="http://v8.1c.ru/8.1/data/ui/fonts/system" xmlns:v8="http://v8.1c.ru/8.1/data/core" xmlns:v8ui="http://v8.1c.ru/8.1/data/ui" xmlns:web="http://v8.1c.ru/8.1/data/ui/colors/web" xmlns:win="http://v8.1c.ru/8.1/data/ui/colors/windows" xmlns:xen="http://v8.1c.ru/8.3/xcf/enums" xmlns:xpr="http://v8.1c.ru/8.3/xcf/predef" xmlns:xr="http://v8.1c.ru/8.3/xcf/readable" xmlns:xs="http://www.w3.org/2001/XMLSchema" xmlns:xsi="http://www.w3.org/2001/XMLSchema-instance">
	<Document uuid="9305d50c-ab27-4310-8a0b-ba0ef956c1d7">
		<InternalInfo>
			<xr:GeneratedType name="DocumentObject.Документ1" category="Object">
				<xr:TypeId>05afa846-bcc1-4b08-be4a-9a2ae704000a</xr:TypeId>
				<xr:ValueId>cd95a4da-ab03-4c71-9fb9-4cf694a5a910</xr:ValueId>
			</xr:GeneratedType>
			<xr:GeneratedType name="DocumentRef.Документ1" category="Ref">
				<xr:TypeId>d8193b63-466f-4485-86d3-a8469b0ec144</xr:TypeId>
				<xr:ValueId>4e53a351-2291-4e9a-9cf0-39cfd6f04abe</xr:ValueId>
			</xr:GeneratedType>
			<xr:GeneratedType name="DocumentSelection.Документ1" category="Selection">
				<xr:TypeId>2906288d-70b8-4689-88d1-1941d5ec82a6</xr:TypeId>
				<xr:ValueId>722f6674-8475-404f-a26b-bc1989aaa31f</xr:ValueId>
			</xr:GeneratedType>
			<xr:GeneratedType name="DocumentList.Документ1" category="List">
				<xr:TypeId>6777c6e6-8135-40ee-af26-3fec34cb6e80</xr:TypeId>
				<xr:ValueId>6a1074b8-7e88-4b0a-9100-1f65ce123e6d</xr:ValueId>
			</xr:GeneratedType>
			<xr:GeneratedType name="DocumentManager.Документ1" category="Manager">
				<xr:TypeId>604068ae-27d8-4797-a70f-a8a0cbb08cd9</xr:TypeId>
				<xr:ValueId>875b4d37-75f2-41b2-9761-d02402753345</xr:ValueId>
			</xr:GeneratedType>
		</InternalInfo>
		<Properties>
			<Name>Документ1</Name>
			<Synonym/>
			<Comment/>
			<UseStandardCommands>false</UseStandardCommands>
			<Numerator/>
			<NumberType>String</NumberType>
			<NumberLength>9</NumberLength>
			<NumberAllowedLength>Variable</NumberAllowedLength>
			<NumberPeriodicity>Nonperiodical</NumberPeriodicity>
			<CheckUnique>true</CheckUnique>
			<Autonumbering>true</Autonumbering>
			<Characteristics/>
			<BasedOn/>
			<InputByString>
				<xr:Field>Document.Документ1.StandardAttribute.Number</xr:Field>
			</InputByString>
			<CreateOnInput>Use</CreateOnInput>
			<SearchStringModeOnInputByString>Begin</SearchStringModeOnInputByString>
			<FullTextSearchOnInputByString>DontUse</FullTextSearchOnInputByString>
			<ChoiceDataGetModeOnInputByString>Directly</ChoiceDataGetModeOnInputByString>
			<DefaultObjectForm>Document.Документ1.Form.ФормаДокумента</DefaultObjectForm>
			<DefaultListForm/>
			<DefaultChoiceForm/>
			<AuxiliaryObjectForm/>
			<AuxiliaryListForm/>
			<AuxiliaryChoiceForm/>
			<Posting>Allow</Posting>
			<RealTimePosting>Allow</RealTimePosting>
			<RegisterRecordsDeletion>AutoDeleteOnUnpost</RegisterRecordsDeletion>
			<RegisterRecordsWritingOnPost>WriteSelected</RegisterRecordsWritingOnPost>
			<SequenceFilling>AutoFill</SequenceFilling>
			<RegisterRecords/>
			<PostInPrivilegedMode>false</PostInPrivilegedMode>
			<UnpostInPrivilegedMode>false</UnpostInPrivilegedMode>
			<IncludeHelpInContents>false</IncludeHelpInContents>
			<DataLockFields/>
			<DataLockControlMode>Managed</DataLockControlMode>
			<FullTextSearch>Use</FullTextSearch>
			<ObjectPresentation/>
			<ExtendedObjectPresentation/>
			<ListPresentation/>
			<ExtendedListPresentation/>
			<Explanation/>
			<ChoiceHistoryOnInput>Auto</ChoiceHistoryOnInput>
		</Properties>
		<ChildObjects>
			<Form>ФормаДокумента</Form>
		</ChildObjects>
	</Document>
</MetaDataObject>