﻿<?xml version="1.0" encoding="UTF-8"?>
<Form xmlns="http://v8.1c.ru/8.3/xcf/logform" xmlns:app="http://v8.1c.ru/8.2/managed-application/core" xmlns:cfg="http://v8.1c.ru/8.1/data/enterprise/current-config" xmlns:dcscor="http://v8.1c.ru/8.1/data-composition-system/core" xmlns:dcsset="http://v8.1c.ru/8.1/data-composition-system/settings" xmlns:ent="http://v8.1c.ru/8.1/data/enterprise" xmlns:lf="http://v8.1c.ru/8.2/managed-application/logform" xmlns:style="http://v8.1c.ru/8.1/data/ui/style" xmlns:sys="http://v8.1c.ru/8.1/data/ui/fonts/system" xmlns:v8="http://v8.1c.ru/8.1/data/core" xmlns:v8ui="http://v8.1c.ru/8.1/data/ui" xmlns:web="http://v8.1c.ru/8.1/data/ui/colors/web" xmlns:win="http://v8.1c.ru/8.1/data/ui/colors/windows" xmlns:xr="http://v8.1c.ru/8.3/xcf/readable" xmlns:xs="http://www.w3.org/2001/XMLSchema" xmlns:xsi="http://www.w3.org/2001/XMLSchema-instance">
	<WindowOpeningMode>LockOwnerWindow</WindowOpeningMode>
	<UseForFoldersAndItems>Items</UseForFoldersAndItems>
	<AutoCommandBar name="ФормаКоманднаяПанель" id="-1"/>
	<Events>
		<Event name="OnOpen">ПриОткрытии</Event>
	</Events>
	<ChildItems>
		<InputField name="Код" id="1">
			<DataPath>Объект.Code</DataPath>
			<EditMode>EnterOnInput</EditMode>
			<ContextMenu name="КодКонтекстноеМеню" id="2"/>
			<ExtendedTooltip name="КодРасширеннаяПодсказка" id="3"/>
		</InputField>
		<InputField name="Наименование" id="4">
			<DataPath>Объект.Description</DataPath>
			<EditMode>EnterOnInput</EditMode>
			<ContextMenu name="НаименованиеКонтекстноеМеню" id="5"/>
			<ExtendedTooltip name="НаименованиеРасширеннаяПодсказка" id="6"/>
		</InputField>
		<Button name="Команда1" id="45">
			<Type>UsualButton</Type>
			<CommandName>Form.Command.Команда1</CommandName>
			<Parameter xsi:nil="true"/>
			<ExtendedTooltip name="Команда1РасширеннаяПодсказка" id="46"/>
		</Button>
		<Table name="Таблица1" id="7">
			<Representation>List</Representation>
			<AutoInsertNewRow>true</AutoInsertNewRow>
			<EnableStartDrag>true</EnableStartDrag>
			<EnableDrag>true</EnableDrag>
			<DataPath>Таблица1</DataPath>
			<RowFilter xsi:nil="true"/>
			<ContextMenu name="Таблица1КонтекстноеМеню" id="8"/>
			<AutoCommandBar name="Таблица1КоманднаяПанель" id="9"/>
			<ExtendedTooltip name="Таблица1РасширеннаяПодсказка" id="10"/>
			<SearchStringAddition name="Таблица1СтрокаПоиска" id="11">
				<Source>
					<lf:elementId>7</lf:elementId>
					<lf:additionId>0</lf:additionId>
				</Source>
				<ContextMenu name="Таблица1СтрокаПоискаКонтекстноеМеню" id="12"/>
				<ExtendedTooltip name="Таблица1СтрокаПоискаРасширеннаяПодсказка" id="13"/>
			</SearchStringAddition>
			<ViewStatusAddition name="Таблица1СостояниеПросмотра" id="14">
				<Source>
					<lf:elementId>7</lf:elementId>
					<lf:additionId>1</lf:additionId>
				</Source>
				<ContextMenu name="Таблица1СостояниеПросмотраКонтекстноеМеню" id="15"/>
				<ExtendedTooltip name="Таблица1СостояниеПросмотраРасширеннаяПодсказка" id="16"/>
			</ViewStatusAddition>
			<SearchControlAddition name="Таблица1УправлениеПоиском" id="17">
				<Source>
					<lf:elementId>7</lf:elementId>
					<lf:additionId>2</lf:additionId>
				</Source>
				<ContextMenu name="Таблица1УправлениеПоискомКонтекстноеМеню" id="18"/>
				<ExtendedTooltip name="Таблица1УправлениеПоискомРасширеннаяПодсказка" id="19"/>
			</SearchControlAddition>
			<ChildItems>
				<InputField name="ТаблицаКолонка1" id="20">
					<DataPath>Таблица1.Колонка1</DataPath>
					<EditMode>EnterOnInput</EditMode>
					<ContextMenu name="ТаблицаКолонка1КонтекстноеМеню" id="21"/>
					<ExtendedTooltip name="ТаблицаКолонка1РасширеннаяПодсказка" id="22"/>
				</InputField>
				<InputField name="ТаблицаКолонка2" id="23">
					<DataPath>Таблица1.Колонка2</DataPath>
					<EditMode>EnterOnInput</EditMode>
					<ContextMenu name="ТаблицаКолонка2КонтекстноеМеню" id="24"/>
					<ExtendedTooltip name="ТаблицаКолонка2РасширеннаяПодсказка" id="25"/>
				</InputField>
			</ChildItems>
		</Table>
		<Table name="Таблица2" id="26">
			<Representation>List</Representation>
			<AutoInsertNewRow>true</AutoInsertNewRow>
			<EnableStartDrag>true</EnableStartDrag>
			<EnableDrag>true</EnableDrag>
			<DataPath>Таблица2</DataPath>
			<RowFilter xsi:nil="true"/>
			<ContextMenu name="Таблица2КонтекстноеМеню" id="27"/>
			<AutoCommandBar name="Таблица2КоманднаяПанель" id="28"/>
			<ExtendedTooltip name="Таблица2РасширеннаяПодсказка" id="29"/>
			<SearchStringAddition name="Таблица2СтрокаПоиска" id="30">
				<Source>
					<lf:elementId>26</lf:elementId>
					<lf:additionId>0</lf:additionId>
				</Source>
				<ContextMenu name="Таблица2СтрокаПоискаКонтекстноеМеню" id="31"/>
				<ExtendedTooltip name="Таблица2СтрокаПоискаРасширеннаяПодсказка" id="32"/>
			</SearchStringAddition>
			<ViewStatusAddition name="Таблица2СостояниеПросмотра" id="33">
				<Source>
					<lf:elementId>26</lf:elementId>
					<lf:additionId>1</lf:additionId>
				</Source>
				<ContextMenu name="Таблица2СостояниеПросмотраКонтекстноеМеню" id="34"/>
				<ExtendedTooltip name="Таблица2СостояниеПросмотраРасширеннаяПодсказка" id="35"/>
			</ViewStatusAddition>
			<SearchControlAddition name="Таблица2УправлениеПоиском" id="36">
				<Source>
					<lf:elementId>26</lf:elementId>
					<lf:additionId>2</lf:additionId>
				</Source>
				<ContextMenu name="Таблица2УправлениеПоискомКонтекстноеМеню" id="37"/>
				<ExtendedTooltip name="Таблица2УправлениеПоискомРасширеннаяПодсказка" id="38"/>
			</SearchControlAddition>
			<ChildItems>
				<InputField name="Таблица2Колонка1" id="39">
					<DataPath>Таблица2.Колонка1</DataPath>
					<EditMode>EnterOnInput</EditMode>
					<ContextMenu name="Таблица2Колонка1КонтекстноеМеню" id="40"/>
					<ExtendedTooltip name="Таблица2Колонка1РасширеннаяПодсказка" id="41"/>
				</InputField>
				<InputField name="Таблица2Колонка2" id="42">
					<DataPath>Таблица2.Колонка2</DataPath>
					<EditMode>EnterOnInput</EditMode>
					<ContextMenu name="Таблица2Колонка2КонтекстноеМеню" id="43"/>
					<ExtendedTooltip name="Таблица2Колонка2РасширеннаяПодсказка" id="44"/>
				</InputField>
			</ChildItems>
		</Table>
	</ChildItems>
	<Attributes>
		<Attribute name="Объект" id="1">
			<Type>
				<v8:Type>cfg:CatalogObject.СправочникСТаблицейЗначенийНаФорме</v8:Type>
			</Type>
			<MainAttribute>true</MainAttribute>
			<SavedData>true</SavedData>
		</Attribute>
		<Attribute name="Таблица1" id="2">
			<Title>
				<v8:item>
					<v8:lang>ru</v8:lang>
					<v8:content>Таблица1</v8:content>
				</v8:item>
			</Title>
			<Type>
				<v8:Type>v8:ValueTable</v8:Type>
			</Type>
			<Columns>
				<Column name="Колонка1" id="1">
					<Title>
						<v8:item>
							<v8:lang>ru</v8:lang>
							<v8:content>Колонка1</v8:content>
						</v8:item>
					</Title>
					<Type>
						<v8:Type>xs:string</v8:Type>
						<v8:StringQualifiers>
							<v8:Length>0</v8:Length>
							<v8:AllowedLength>Variable</v8:AllowedLength>
						</v8:StringQualifiers>
					</Type>
				</Column>
				<Column name="Колонка2" id="2">
					<Title>
						<v8:item>
							<v8:lang>ru</v8:lang>
							<v8:content>Колонка2</v8:content>
						</v8:item>
					</Title>
					<Type>
						<v8:Type>xs:string</v8:Type>
						<v8:StringQualifiers>
							<v8:Length>0</v8:Length>
							<v8:AllowedLength>Variable</v8:AllowedLength>
						</v8:StringQualifiers>
					</Type>
				</Column>
			</Columns>
		</Attribute>
		<Attribute name="Таблица2" id="3">
			<Title>
				<v8:item>
					<v8:lang>ru</v8:lang>
					<v8:content>Таблица</v8:content>
				</v8:item>
			</Title>
			<Type>
				<v8:Type>v8:ValueTable</v8:Type>
			</Type>
			<Columns>
				<Column name="Колонка1" id="1">
					<Title>
						<v8:item>
							<v8:lang>ru</v8:lang>
							<v8:content>Колонка1</v8:content>
						</v8:item>
					</Title>
					<Type>
						<v8:Type>xs:string</v8:Type>
						<v8:StringQualifiers>
							<v8:Length>0</v8:Length>
							<v8:AllowedLength>Variable</v8:AllowedLength>
						</v8:StringQualifiers>
					</Type>
				</Column>
				<Column name="Колонка2" id="2">
					<Title>
						<v8:item>
							<v8:lang>ru</v8:lang>
							<v8:content>Колонка2</v8:content>
						</v8:item>
					</Title>
					<Type>
						<v8:Type>xs:string</v8:Type>
						<v8:StringQualifiers>
							<v8:Length>0</v8:Length>
							<v8:AllowedLength>Variable</v8:AllowedLength>
						</v8:StringQualifiers>
					</Type>
				</Column>
			</Columns>
		</Attribute>
	</Attributes>
	<Commands>
		<Command name="Команда1" id="1">
			<Action>Команда1</Action>
		</Command>
	</Commands>
</Form>