﻿<?xml version="1.0" encoding="UTF-8"?>
<MetaDataObject xmlns="http://v8.1c.ru/8.3/MDClasses" xmlns:app="http://v8.1c.ru/8.2/managed-application/core" xmlns:cfg="http://v8.1c.ru/8.1/data/enterprise/current-config" xmlns:cmi="http://v8.1c.ru/8.2/managed-application/cmi" xmlns:ent="http://v8.1c.ru/8.1/data/enterprise" xmlns:lf="http://v8.1c.ru/8.2/managed-application/logform" xmlns:style="http://v8.1c.ru/8.1/data/ui/style" xmlns:sys="http://v8.1c.ru/8.1/data/ui/fonts/system" xmlns:v8="http://v8.1c.ru/8.1/data/core" xmlns:v8ui="http://v8.1c.ru/8.1/data/ui" xmlns:web="http://v8.1c.ru/8.1/data/ui/colors/web" xmlns:win="http://v8.1c.ru/8.1/data/ui/colors/windows" xmlns:xen="http://v8.1c.ru/8.3/xcf/enums" xmlns:xpr="http://v8.1c.ru/8.3/xcf/predef" xmlns:xr="http://v8.1c.ru/8.3/xcf/readable" xmlns:xs="http://www.w3.org/2001/XMLSchema" xmlns:xsi="http://www.w3.org/2001/XMLSchema-instance">
	<Catalog uuid="34684b0d-64c2-4e0d-ac68-8090beef97ad">
		<InternalInfo>
			<xr:GeneratedType name="CatalogObject.Справочник3" category="Object">
				<xr:TypeId>1828dd53-d713-442d-b925-8945fccfa286</xr:TypeId>
				<xr:ValueId>9afc243c-1da8-4fd5-bed4-52a8734b6550</xr:ValueId>
			</xr:GeneratedType>
			<xr:GeneratedType name="CatalogRef.Справочник3" category="Ref">
				<xr:TypeId>f8647de3-faed-4245-baee-a06810cdff08</xr:TypeId>
				<xr:ValueId>e446e334-4c30-4e25-90c2-5ad1b4ce3a95</xr:ValueId>
			</xr:GeneratedType>
			<xr:GeneratedType name="CatalogSelection.Справочник3" category="Selection">
				<xr:TypeId>81b3f111-e44a-4f7c-afa6-d85199c4a9be</xr:TypeId>
				<xr:ValueId>38c06062-1596-4a3e-874b-16a9b46e8fdc</xr:ValueId>
			</xr:GeneratedType>
			<xr:GeneratedType name="CatalogList.Справочник3" category="List">
				<xr:TypeId>9d96e972-cb10-43c4-8f53-f26c145e1b63</xr:TypeId>
				<xr:ValueId>4aeec101-414b-4f0d-9024-a690e95f52ef</xr:ValueId>
			</xr:GeneratedType>
			<xr:GeneratedType name="CatalogManager.Справочник3" category="Manager">
				<xr:TypeId>e7b902b9-11c1-4a7b-b108-7c3f5df88b3c</xr:TypeId>
				<xr:ValueId>ec9e75cb-1bf6-4f84-8a5f-92cb7dbf56f1</xr:ValueId>
			</xr:GeneratedType>
		</InternalInfo>
		<Properties>
			<Name>Справочник3</Name>
			<Synonym/>
			<Comment/>
			<Hierarchical>false</Hierarchical>
			<HierarchyType>HierarchyFoldersAndItems</HierarchyType>
			<LimitLevelCount>false</LimitLevelCount>
			<LevelCount>2</LevelCount>
			<FoldersOnTop>true</FoldersOnTop>
			<UseStandardCommands>true</UseStandardCommands>
			<Owners/>
			<SubordinationUse>ToItems</SubordinationUse>
			<CodeLength>9</CodeLength>
			<DescriptionLength>25</DescriptionLength>
			<CodeType>String</CodeType>
			<CodeAllowedLength>Variable</CodeAllowedLength>
			<CodeSeries>WholeCatalog</CodeSeries>
			<CheckUnique>true</CheckUnique>
			<Autonumbering>true</Autonumbering>
			<DefaultPresentation>AsDescription</DefaultPresentation>
			<Characteristics/>
			<PredefinedDataUpdate>Auto</PredefinedDataUpdate>
			<EditType>InDialog</EditType>
			<QuickChoice>false</QuickChoice>
			<ChoiceMode>BothWays</ChoiceMode>
			<InputByString>
				<xr:Field>Catalog.Справочник3.StandardAttribute.Description</xr:Field>
				<xr:Field>Catalog.Справочник3.StandardAttribute.Code</xr:Field>
			</InputByString>
			<SearchStringModeOnInputByString>Begin</SearchStringModeOnInputByString>
			<FullTextSearchOnInputByString>DontUse</FullTextSearchOnInputByString>
			<ChoiceDataGetModeOnInputByString>Directly</ChoiceDataGetModeOnInputByString>
			<DefaultObjectForm>Catalog.Справочник3.Form.ФормаЭлемента</DefaultObjectForm>
			<DefaultFolderForm/>
			<DefaultListForm/>
			<DefaultChoiceForm/>
			<DefaultFolderChoiceForm/>
			<AuxiliaryObjectForm/>
			<AuxiliaryFolderForm/>
			<AuxiliaryListForm/>
			<AuxiliaryChoiceForm/>
			<AuxiliaryFolderChoiceForm/>
			<IncludeHelpInContents>false</IncludeHelpInContents>
			<BasedOn/>
			<DataLockFields/>
			<DataLockControlMode>Managed</DataLockControlMode>
			<FullTextSearch>Use</FullTextSearch>
			<ObjectPresentation/>
			<ExtendedObjectPresentation/>
			<ListPresentation/>
			<ExtendedListPresentation/>
			<Explanation/>
			<CreateOnInput>Use</CreateOnInput>
			<ChoiceHistoryOnInput>Auto</ChoiceHistoryOnInput>
		</Properties>
		<ChildObjects>
			<Form>ФормаЭлемента</Form>
			<Template>Макет</Template>
		</ChildObjects>
	</Catalog>
</MetaDataObject>