﻿<?xml version="1.0" encoding="UTF-8"?>
<Form xmlns="http://v8.1c.ru/8.3/xcf/logform" xmlns:app="http://v8.1c.ru/8.2/managed-application/core" xmlns:cfg="http://v8.1c.ru/8.1/data/enterprise/current-config" xmlns:dcscor="http://v8.1c.ru/8.1/data-composition-system/core" xmlns:dcsset="http://v8.1c.ru/8.1/data-composition-system/settings" xmlns:ent="http://v8.1c.ru/8.1/data/enterprise" xmlns:lf="http://v8.1c.ru/8.2/managed-application/logform" xmlns:style="http://v8.1c.ru/8.1/data/ui/style" xmlns:sys="http://v8.1c.ru/8.1/data/ui/fonts/system" xmlns:v8="http://v8.1c.ru/8.1/data/core" xmlns:v8ui="http://v8.1c.ru/8.1/data/ui" xmlns:web="http://v8.1c.ru/8.1/data/ui/colors/web" xmlns:win="http://v8.1c.ru/8.1/data/ui/colors/windows" xmlns:xr="http://v8.1c.ru/8.3/xcf/readable" xmlns:xs="http://www.w3.org/2001/XMLSchema" xmlns:xsi="http://www.w3.org/2001/XMLSchema-instance">
	<WindowOpeningMode>LockOwnerWindow</WindowOpeningMode>
	<UseForFoldersAndItems>Items</UseForFoldersAndItems>
	<AutoCommandBar name="ФормаКоманднаяПанель" id="-1"/>
	<Events>
		<Event name="BeforeWrite">ПередЗаписью</Event>
		<Event name="OnClose">ПриЗакрытии</Event>
	</Events>
	<ChildItems>
		<Pages name="Группа3" id="69">
			<ExtendedTooltip name="Группа3РасширеннаяПодсказка" id="70"/>
			<ChildItems>
				<Page name="Группа1" id="62">
					<Title>
						<v8:item>
							<v8:lang>ru</v8:lang>
							<v8:content>Основа</v8:content>
						</v8:item>
					</Title>
					<ExtendedTooltip name="Группа1РасширеннаяПодсказка" id="63"/>
					<ChildItems>
						<InputField name="Код" id="1">
							<DataPath>Объект.Code</DataPath>
							<EditMode>EnterOnInput</EditMode>
							<ContextMenu name="КодКонтекстноеМеню" id="2"/>
							<ExtendedTooltip name="КодРасширеннаяПодсказка" id="3"/>
						</InputField>
						<InputField name="Наименование" id="4">
							<DataPath>Объект.Description</DataPath>
							<EditMode>EnterOnInput</EditMode>
							<ContextMenu name="НаименованиеКонтекстноеМеню" id="5"/>
							<ExtendedTooltip name="НаименованиеРасширеннаяПодсказка" id="6"/>
						</InputField>
						<InputField name="Реквизит1" id="7">
							<DataPath>Объект.Реквизит1</DataPath>
							<EditMode>EnterOnInput</EditMode>
							<ChoiceButton>true</ChoiceButton>
							<ChoiceButtonRepresentation>ShowInInputField</ChoiceButtonRepresentation>
							<ClearButton>true</ClearButton>
							<OpenButton>true</OpenButton>
							<ContextMenu name="Реквизит1КонтекстноеМеню" id="8"/>
							<ExtendedTooltip name="Реквизит1РасширеннаяПодсказка" id="9"/>
						</InputField>
						<InputField name="Реквизит2" id="10">
							<DataPath>Объект.Реквизит2</DataPath>
							<ChoiceButton>true</ChoiceButton>
							<ChoiceButtonRepresentation>ShowInInputField</ChoiceButtonRepresentation>
							<ClearButton>true</ClearButton>
							<OpenButton>true</OpenButton>
							<ContextMenu name="Реквизит2КонтекстноеМеню" id="11"/>
							<ExtendedTooltip name="Реквизит2РасширеннаяПодсказка" id="12"/>
						</InputField>
						<InputField name="Реквизит4" id="87">
							<DataPath>Объект.Реквизит3</DataPath>
							<ChoiceButton>true</ChoiceButton>
							<ChoiceButtonRepresentation>ShowInInputField</ChoiceButtonRepresentation>
							<ClearButton>true</ClearButton>
							<OpenButton>true</OpenButton>
							<ContextMenu name="Реквизит4КонтекстноеМеню" id="88"/>
							<ExtendedTooltip name="Реквизит4РасширеннаяПодсказка" id="89"/>
						</InputField>
						<InputField name="РеквизитЧисло" id="53">
							<DataPath>Объект.РеквизитЧисло</DataPath>
							<ContextMenu name="РеквизитЧислоКонтекстноеМеню" id="54"/>
							<ExtendedTooltip name="РеквизитЧислоРасширеннаяПодсказка" id="55"/>
						</InputField>
						<InputField name="РеквизитСтрока" id="44">
							<DataPath>Объект.РеквизитСтрока</DataPath>
							<ContextMenu name="РеквизитСтрокаКонтекстноеМеню" id="45"/>
							<ExtendedTooltip name="РеквизитСтрокаРасширеннаяПодсказка" id="46"/>
						</InputField>
						<InputField name="РеквизитДата" id="47">
							<DataPath>Объект.РеквизитДата</DataPath>
							<ContextMenu name="РеквизитДатаКонтекстноеМеню" id="48"/>
							<ExtendedTooltip name="РеквизитДатаРасширеннаяПодсказка" id="49"/>
						</InputField>
						<CheckBoxField name="РеквизитБулево" id="50">
							<DataPath>Объект.РеквизитБулево</DataPath>
							<CheckBoxType>Auto</CheckBoxType>
							<ContextMenu name="РеквизитБулевоКонтекстноеМеню" id="51"/>
							<ExtendedTooltip name="РеквизитБулевоРасширеннаяПодсказка" id="52"/>
						</CheckBoxField>
						<RadioButtonField name="РеквизитПереключатель" id="56">
							<DataPath>Объект.РеквизитПереключатель</DataPath>
							<RadioButtonType>Auto</RadioButtonType>
							<ColumnsCount>2</ColumnsCount>
							<ChoiceList>
								<xr:Item>
									<xr:Presentation/>
									<xr:CheckState>0</xr:CheckState>
									<xr:Value xsi:type="FormChoiceListDesTimeValue">
										<Presentation>
											<v8:item>
												<v8:lang>ru</v8:lang>
												<v8:content>Первое значение</v8:content>
											</v8:item>
										</Presentation>
										<Value xsi:type="xs:decimal">1</Value>
									</xr:Value>
								</xr:Item>
								<xr:Item>
									<xr:Presentation/>
									<xr:CheckState>0</xr:CheckState>
									<xr:Value xsi:type="FormChoiceListDesTimeValue">
										<Presentation>
											<v8:item>
												<v8:lang>ru</v8:lang>
												<v8:content>Второе значение</v8:content>
											</v8:item>
										</Presentation>
										<Value xsi:type="xs:decimal">2</Value>
									</xr:Value>
								</xr:Item>
							</ChoiceList>
							<ContextMenu name="РеквизитПереключательКонтекстноеМеню" id="57"/>
							<ExtendedTooltip name="РеквизитПереключательРасширеннаяПодсказка" id="58"/>
						</RadioButtonField>
						<InputField name="РеквизитБыстрыйВыбор" id="160">
							<DataPath>Объект.РеквизитБыстрыйВыбор</DataPath>
							<QuickChoice>true</QuickChoice>
							<TextEdit>false</TextEdit>
							<ContextMenu name="РеквизитБыстрыйВыборКонтекстноеМеню" id="161"/>
							<ExtendedTooltip name="РеквизитБыстрыйВыборРасширеннаяПодсказка" id="162"/>
						</InputField>
						<Table name="ТабличнаяЧасть1" id="13">
							<AutoInsertNewRow>true</AutoInsertNewRow>
							<EnableStartDrag>true</EnableStartDrag>
							<EnableDrag>true</EnableDrag>
							<DataPath>Объект.ТабличнаяЧасть1</DataPath>
							<RowFilter xsi:nil="true"/>
							<ContextMenu name="ТабличнаяЧасть1КонтекстноеМеню" id="14"/>
							<AutoCommandBar name="ТабличнаяЧасть1КоманднаяПанель" id="15"/>
							<ExtendedTooltip name="ТабличнаяЧасть1РасширеннаяПодсказка" id="16"/>
							<SearchStringAddition name="ТабличнаяЧасть1СтрокаПоиска" id="17">
								<Source>
									<lf:elementId>13</lf:elementId>
									<lf:additionId>0</lf:additionId>
								</Source>
								<ContextMenu name="ТабличнаяЧасть1СтрокаПоискаКонтекстноеМеню" id="18"/>
								<ExtendedTooltip name="ТабличнаяЧасть1СтрокаПоискаРасширеннаяПодсказка" id="19"/>
							</SearchStringAddition>
							<ViewStatusAddition name="ТабличнаяЧасть1СостояниеПросмотра" id="20">
								<Source>
									<lf:elementId>13</lf:elementId>
									<lf:additionId>1</lf:additionId>
								</Source>
								<ContextMenu name="ТабличнаяЧасть1СостояниеПросмотраКонтекстноеМеню" id="21"/>
								<ExtendedTooltip name="ТабличнаяЧасть1СостояниеПросмотраРасширеннаяПодсказка" id="22"/>
							</ViewStatusAddition>
							<SearchControlAddition name="ТабличнаяЧасть1УправлениеПоиском" id="23">
								<Source>
									<lf:elementId>13</lf:elementId>
									<lf:additionId>2</lf:additionId>
								</Source>
								<ContextMenu name="ТабличнаяЧасть1УправлениеПоискомКонтекстноеМеню" id="24"/>
								<ExtendedTooltip name="ТабличнаяЧасть1УправлениеПоискомРасширеннаяПодсказка" id="25"/>
							</SearchControlAddition>
							<ChildItems>
								<LabelField name="ТабличнаяЧасть1НомерСтроки" id="26">
									<DataPath>Объект.ТабличнаяЧасть1.LineNumber</DataPath>
									<EditMode>EnterOnInput</EditMode>
									<ContextMenu name="ТабличнаяЧасть1НомерСтрокиКонтекстноеМеню" id="27"/>
									<ExtendedTooltip name="ТабличнаяЧасть1НомерСтрокиРасширеннаяПодсказка" id="28"/>
								</LabelField>
								<InputField name="ТабличнаяЧасть1РеквизитЧисло" id="29">
									<DataPath>Объект.ТабличнаяЧасть1.РеквизитЧисло</DataPath>
									<EditMode>EnterOnInput</EditMode>
									<ContextMenu name="ТабличнаяЧасть1РеквизитЧислоКонтекстноеМеню" id="30"/>
									<ExtendedTooltip name="ТабличнаяЧасть1РеквизитЧислоРасширеннаяПодсказка" id="31"/>
								</InputField>
								<InputField name="ТабличнаяЧасть1РеквизитСтрока" id="32">
									<DataPath>Объект.ТабличнаяЧасть1.РеквизитСтрока</DataPath>
									<EditMode>EnterOnInput</EditMode>
									<ContextMenu name="ТабличнаяЧасть1РеквизитСтрокаКонтекстноеМеню" id="33"/>
									<ExtendedTooltip name="ТабличнаяЧасть1РеквизитСтрокаРасширеннаяПодсказка" id="34"/>
								</InputField>
								<InputField name="ТабличнаяЧасть1РеквизитДата" id="35">
									<DataPath>Объект.ТабличнаяЧасть1.РеквизитДата</DataPath>
									<EditMode>EnterOnInput</EditMode>
									<ContextMenu name="ТабличнаяЧасть1РеквизитДатаКонтекстноеМеню" id="36"/>
									<ExtendedTooltip name="ТабличнаяЧасть1РеквизитДатаРасширеннаяПодсказка" id="37"/>
								</InputField>
								<InputField name="ТабличнаяЧасть1РеквизитСправочник" id="38">
									<DataPath>Объект.ТабличнаяЧасть1.РеквизитСправочник</DataPath>
									<EditMode>EnterOnInput</EditMode>
									<ContextMenu name="ТабличнаяЧасть1РеквизитСправочникКонтекстноеМеню" id="39"/>
									<ExtendedTooltip name="ТабличнаяЧасть1РеквизитСправочникРасширеннаяПодсказка" id="40"/>
								</InputField>
								<CheckBoxField name="ТабличнаяЧасть1РеквизитБулево" id="41">
									<DataPath>Объект.ТабличнаяЧасть1.РеквизитБулево</DataPath>
									<EditMode>EnterOnInput</EditMode>
									<CheckBoxType>Auto</CheckBoxType>
									<ContextMenu name="ТабличнаяЧасть1РеквизитБулевоКонтекстноеМеню" id="42"/>
									<ExtendedTooltip name="ТабличнаяЧасть1РеквизитБулевоРасширеннаяПодсказка" id="43"/>
								</CheckBoxField>
								<InputField name="ТабличнаяЧасть1РеквизитБыстрыйВыборТЧ" id="163">
									<DataPath>Объект.ТабличнаяЧасть1.РеквизитБыстрыйВыборТЧ</DataPath>
									<EditMode>EnterOnInput</EditMode>
									<QuickChoice>true</QuickChoice>
									<TextEdit>false</TextEdit>
									<ContextMenu name="ТабличнаяЧасть1РеквизитБыстрыйВыборТЧКонтекстноеМеню" id="164"/>
									<ExtendedTooltip name="ТабличнаяЧасть1РеквизитБыстрыйВыборТЧРасширеннаяПодсказка" id="165"/>
								</InputField>
								<InputField name="ТабличнаяЧасть1РеквизитСправочникВыборИзФормыСписка" id="59">
									<DataPath>Объект.ТабличнаяЧасть1.РеквизитСправочникВыборИзФормыСписка</DataPath>
									<EditMode>EnterOnInput</EditMode>
									<ContextMenu name="ТабличнаяЧасть1РеквизитСправочникВыборИзФормыСпискаКонтекстноеМеню" id="60"/>
									<ExtendedTooltip name="ТабличнаяЧасть1РеквизитСправочникВыборИзФормыСпискаРасширеннаяПодсказка" id="61"/>
								</InputField>
							</ChildItems>
						</Table>
						<Table name="ТабличнаяЧасть2" id="93">
							<AutoInsertNewRow>true</AutoInsertNewRow>
							<EnableStartDrag>true</EnableStartDrag>
							<EnableDrag>true</EnableDrag>
							<DataPath>Объект.ТабличнаяЧасть2</DataPath>
							<RowFilter xsi:nil="true"/>
							<ContextMenu name="ТабличнаяЧасть2КонтекстноеМеню" id="94"/>
							<AutoCommandBar name="ТабличнаяЧасть2КоманднаяПанель" id="95"/>
							<ExtendedTooltip name="ТабличнаяЧасть2РасширеннаяПодсказка" id="96"/>
							<SearchStringAddition name="ТабличнаяЧасть2СтрокаПоиска" id="97">
								<Source>
									<lf:elementId>93</lf:elementId>
									<lf:additionId>0</lf:additionId>
								</Source>
								<ContextMenu name="ТабличнаяЧасть2СтрокаПоискаКонтекстноеМеню" id="98"/>
								<ExtendedTooltip name="ТабличнаяЧасть2СтрокаПоискаРасширеннаяПодсказка" id="99"/>
							</SearchStringAddition>
							<ViewStatusAddition name="ТабличнаяЧасть2СостояниеПросмотра" id="100">
								<Source>
									<lf:elementId>93</lf:elementId>
									<lf:additionId>1</lf:additionId>
								</Source>
								<ContextMenu name="ТабличнаяЧасть2СостояниеПросмотраКонтекстноеМеню" id="101"/>
								<ExtendedTooltip name="ТабличнаяЧасть2СостояниеПросмотраРасширеннаяПодсказка" id="102"/>
							</ViewStatusAddition>
							<SearchControlAddition name="ТабличнаяЧасть2УправлениеПоиском" id="103">
								<Source>
									<lf:elementId>93</lf:elementId>
									<lf:additionId>2</lf:additionId>
								</Source>
								<ContextMenu name="ТабличнаяЧасть2УправлениеПоискомКонтекстноеМеню" id="104"/>
								<ExtendedTooltip name="ТабличнаяЧасть2УправлениеПоискомРасширеннаяПодсказка" id="105"/>
							</SearchControlAddition>
							<ChildItems>
								<LabelField name="ТабличнаяЧасть2НомерСтроки" id="106">
									<DataPath>Объект.ТабличнаяЧасть2.LineNumber</DataPath>
									<EditMode>EnterOnInput</EditMode>
									<ContextMenu name="ТабличнаяЧасть2НомерСтрокиКонтекстноеМеню" id="107"/>
									<ExtendedTooltip name="ТабличнаяЧасть2НомерСтрокиРасширеннаяПодсказка" id="108"/>
								</LabelField>
								<InputField name="ТабличнаяЧасть2РеквизитЧисло" id="109">
									<DataPath>Объект.ТабличнаяЧасть2.РеквизитЧисло</DataPath>
									<EditMode>EnterOnInput</EditMode>
									<ContextMenu name="ТабличнаяЧасть2РеквизитЧислоКонтекстноеМеню" id="110"/>
									<ExtendedTooltip name="ТабличнаяЧасть2РеквизитЧислоРасширеннаяПодсказка" id="111"/>
								</InputField>
								<InputField name="ТабличнаяЧасть2РеквизитСтрока" id="112">
									<DataPath>Объект.ТабличнаяЧасть2.РеквизитСтрока</DataPath>
									<EditMode>EnterOnInput</EditMode>
									<ContextMenu name="ТабличнаяЧасть2РеквизитСтрокаКонтекстноеМеню" id="113"/>
									<ExtendedTooltip name="ТабличнаяЧасть2РеквизитСтрокаРасширеннаяПодсказка" id="114"/>
								</InputField>
								<InputField name="ТабличнаяЧасть2РеквизитДата" id="115">
									<DataPath>Объект.ТабличнаяЧасть2.РеквизитДата</DataPath>
									<EditMode>EnterOnInput</EditMode>
									<ContextMenu name="ТабличнаяЧасть2РеквизитДатаКонтекстноеМеню" id="116"/>
									<ExtendedTooltip name="ТабличнаяЧасть2РеквизитДатаРасширеннаяПодсказка" id="117"/>
								</InputField>
								<InputField name="ТабличнаяЧасть2РеквизитСправочник" id="118">
									<DataPath>Объект.ТабличнаяЧасть2.РеквизитСправочник</DataPath>
									<EditMode>EnterOnInput</EditMode>
									<ContextMenu name="ТабличнаяЧасть2РеквизитСправочникКонтекстноеМеню" id="119"/>
									<ExtendedTooltip name="ТабличнаяЧасть2РеквизитСправочникРасширеннаяПодсказка" id="120"/>
								</InputField>
								<CheckBoxField name="ТабличнаяЧасть2РеквизитБулево" id="121">
									<DataPath>Объект.ТабличнаяЧасть2.РеквизитБулево</DataPath>
									<EditMode>EnterOnInput</EditMode>
									<CheckBoxType>Auto</CheckBoxType>
									<ContextMenu name="ТабличнаяЧасть2РеквизитБулевоКонтекстноеМеню" id="122"/>
									<ExtendedTooltip name="ТабличнаяЧасть2РеквизитБулевоРасширеннаяПодсказка" id="123"/>
								</CheckBoxField>
								<InputField name="ТабличнаяЧасть2РеквизитСправочникВыборИзФормыСписка" id="124">
									<DataPath>Объект.ТабличнаяЧасть2.РеквизитСправочникВыборИзФормыСписка</DataPath>
									<EditMode>EnterOnInput</EditMode>
									<ContextMenu name="ТабличнаяЧасть2РеквизитСправочникВыборИзФормыСпискаКонтекстноеМеню" id="125"/>
									<ExtendedTooltip name="ТабличнаяЧасть2РеквизитСправочникВыборИзФормыСпискаРасширеннаяПодсказка" id="126"/>
								</InputField>
							</ChildItems>
						</Table>
					</ChildItems>
				</Page>
				<Page name="Группа4" id="71">
					<Title>
						<v8:item>
							<v8:lang>ru</v8:lang>
							<v8:content>Вспомогательная</v8:content>
						</v8:item>
					</Title>
					<ExtendedTooltip name="Группа4РасширеннаяПодсказка" id="72"/>
					<ChildItems>
						<InputField name="Код1" id="66">
							<DataPath>Объект.Code</DataPath>
							<ContextMenu name="Код1КонтекстноеМеню" id="67"/>
							<ExtendedTooltip name="Код1РасширеннаяПодсказка" id="68"/>
						</InputField>
						<UsualGroup name="СворачиваемаяГруппа" id="73">
							<Title>
								<v8:item>
									<v8:lang>ru</v8:lang>
									<v8:content>СворачиваемаяГруппа</v8:content>
								</v8:item>
							</Title>
							<ToolTip>
								<v8:item>
									<v8:lang>ru</v8:lang>
									<v8:content>Сворачиваемая группа</v8:content>
								</v8:item>
							</ToolTip>
							<Behavior>Collapsible</Behavior>
							<ExtendedTooltip name="СворачиваемаяГруппаРасширеннаяПодсказка" id="74"/>
							<ChildItems>
								<InputField name="Наименование1" id="75">
									<DataPath>Объект.Description</DataPath>
									<ContextMenu name="Наименование1КонтекстноеМеню" id="76"/>
									<ExtendedTooltip name="Наименование1РасширеннаяПодсказка" id="77"/>
								</InputField>
								<InputField name="Реквизит3" id="78">
									<DataPath>Объект.Реквизит1</DataPath>
									<ContextMenu name="Реквизит3КонтекстноеМеню" id="79"/>
									<ExtendedTooltip name="Реквизит3РасширеннаяПодсказка" id="80"/>
								</InputField>
							</ChildItems>
						</UsualGroup>
						<InputField name="Реквизит5" id="90">
							<DataPath>Объект.Реквизит3</DataPath>
							<ContextMenu name="Реквизит5КонтекстноеМеню" id="91"/>
							<ExtendedTooltip name="Реквизит5РасширеннаяПодсказка" id="92"/>
						</InputField>
						<LabelField name="Наименование2" id="81">
							<DataPath>Объект.Description</DataPath>
							<Title>
								<v8:item>
									<v8:lang>ru</v8:lang>
									<v8:content>Гиперссылка</v8:content>
								</v8:item>
							</Title>
							<Hiperlink>true</Hiperlink>
							<ContextMenu name="Наименование2КонтекстноеМеню" id="82"/>
							<ExtendedTooltip name="Наименование2РасширеннаяПодсказка" id="83"/>
						</LabelField>
						<LabelDecoration name="Декорация1" id="84">
							<Title formatted="false">
								<v8:item>
									<v8:lang>ru</v8:lang>
									<v8:content>Декорация надпись</v8:content>
								</v8:item>
							</Title>
							<ContextMenu name="Декорация1КонтекстноеМеню" id="85"/>
							<ExtendedTooltip name="Декорация1РасширеннаяПодсказка" id="86"/>
						</LabelDecoration>
						<InputField name="СоставнойРеквизит" id="147">
							<DataPath>Объект.СоставнойРеквизит</DataPath>
							<ContextMenu name="СоставнойРеквизитКонтекстноеМеню" id="148"/>
							<ExtendedTooltip name="СоставнойРеквизитРасширеннаяПодсказка" id="149"/>
						</InputField>
						<InputField name="РеквизитМеню" id="150">
							<DataPath>Объект.РеквизитМеню</DataPath>
							<ChoiceButton>true</ChoiceButton>
							<ContextMenu name="РеквизитМенюКонтекстноеМеню" id="151"/>
							<ExtendedTooltip name="РеквизитМенюРасширеннаяПодсказка" id="152"/>
							<Events>
								<Event name="StartChoice">РеквизитМенюНачалоВыбора</Event>
							</Events>
						</InputField>
						<InputField name="РеквизитСписок" id="153">
							<DataPath>Объект.РеквизитСписок</DataPath>
							<ChoiceButton>true</ChoiceButton>
							<ContextMenu name="РеквизитСписокКонтекстноеМеню" id="154"/>
							<ExtendedTooltip name="РеквизитСписокРасширеннаяПодсказка" id="155"/>
							<Events>
								<Event name="StartChoice">РеквизитСписокНачалоВыбора</Event>
							</Events>
						</InputField>
					</ChildItems>
				</Page>
				<Page name="Группа2" id="127">
					<Title>
						<v8:item>
							<v8:lang>ru</v8:lang>
							<v8:content>Проверка кнопок</v8:content>
						</v8:item>
					</Title>
					<ExtendedTooltip name="Группа2РасширеннаяПодсказка" id="128"/>
					<ChildItems>
						<InputField name="РекСтрока1" id="129">
							<DataPath>Объект.РекСтрока1</DataPath>
							<ContextMenu name="РекСтрока1КонтекстноеМеню" id="130"/>
							<ExtendedTooltip name="РекСтрока1РасширеннаяПодсказка" id="131"/>
						</InputField>
						<InputField name="РекСтрока2" id="132">
							<DataPath>Объект.РекСтрока2</DataPath>
							<ContextMenu name="РекСтрока2КонтекстноеМеню" id="133"/>
							<ExtendedTooltip name="РекСтрока2РасширеннаяПодсказка" id="134"/>
						</InputField>
						<Button name="ЗаполнитьРекСтрока1" id="135">
							<Type>UsualButton</Type>
							<CommandName>Form.Command.ЗаполнитьРекСтрока1</CommandName>
							<Parameter xsi:nil="true"/>
							<Title>
								<v8:item>
									<v8:lang>ru</v8:lang>
									<v8:content>ЗаполнитьРекСтрока</v8:content>
								</v8:item>
							</Title>
							<ExtendedTooltip name="ЗаполнитьРекСтрока1РасширеннаяПодсказка" id="136"/>
						</Button>
						<Button name="ЗаполнитьРекСтрока2" id="137">
							<Type>UsualButton</Type>
							<CommandName>Form.Command.ЗаполнитьРекСтрока2</CommandName>
							<Parameter xsi:nil="true"/>
							<Title>
								<v8:item>
									<v8:lang>ru</v8:lang>
									<v8:content>ЗаполнитьРекСтрока</v8:content>
								</v8:item>
							</Title>
							<ExtendedTooltip name="ЗаполнитьРекСтрока2РасширеннаяПодсказка" id="138"/>
						</Button>
						<Button name="ВывестиПредупреждение" id="156">
							<Type>UsualButton</Type>
							<CommandName>Form.Command.ВывестиПредупреждение</CommandName>
							<Parameter xsi:nil="true"/>
							<ExtendedTooltip name="ВывестиПредупреждениеРасширеннаяПодсказка" id="157"/>
						</Button>
						<Button name="ВвестиВНаименованиеИмяПользовтаеля" id="158">
							<Type>UsualButton</Type>
							<CommandName>Form.Command.ВвестиВНаименованиеИмяПользовтаеля</CommandName>
							<Parameter xsi:nil="true"/>
							<ExtendedTooltip name="ВвестиВНаименованиеИмяПользовтаеляРасширеннаяПодсказка" id="159"/>
						</Button>
						<Button name="ОткрытьСписокЗначениейСПометками" id="166">
							<Type>UsualButton</Type>
							<CommandName>Form.Command.ОткрытьСписокЗначениейСПометками</CommandName>
							<Parameter xsi:nil="true"/>
							<ExtendedTooltip name="ОткрытьСписокЗначениейСПометкамиРасширеннаяПодсказка" id="167"/>
						</Button>
					</ChildItems>
				</Page>
				<Page name="ГруппаДекорацияФормы" id="139">
					<Title>
						<v8:item>
							<v8:lang>ru</v8:lang>
							<v8:content>Группа декорация формы</v8:content>
						</v8:item>
					</Title>
					<ToolTip>
						<v8:item>
							<v8:lang>ru</v8:lang>
							<v8:content>Группа декорация формы</v8:content>
						</v8:item>
					</ToolTip>
					<ExtendedTooltip name="ГруппаДекорацияФормыРасширеннаяПодсказка" id="140"/>
					<ChildItems>
						<LabelDecoration name="ДекорацияФормыСсылка" id="144">
							<Title formatted="false">
								<v8:item>
									<v8:lang>ru</v8:lang>
									<v8:content>ДекорацияФормыСсылка</v8:content>
								</v8:item>
							</Title>
							<Hyperlink>true</Hyperlink>
							<ContextMenu name="ДекорацияФормыСсылкаКонтекстноеМеню" id="145"/>
							<ExtendedTooltip name="ДекорацияФормыСсылкаРасширеннаяПодсказка" id="146"/>
							<Events>
								<Event name="Click">Декорация2Нажатие</Event>
								<Event name="URLProcessing">Декорация2ОбработкаНавигационнойСсылки</Event>
							</Events>
						</LabelDecoration>
					</ChildItems>
				</Page>
			</ChildItems>
		</Pages>
	</ChildItems>
	<Attributes>
		<Attribute name="Объект" id="1">
			<Type>
				<v8:Type>cfg:CatalogObject.Справочник1</v8:Type>
			</Type>
			<MainAttribute>true</MainAttribute>
			<SavedData>true</SavedData>
		</Attribute>
	</Attributes>
	<Commands>
		<Command name="ЗаполнитьРекСтрока1" id="1">
			<Title>
				<v8:item>
					<v8:lang>ru</v8:lang>
					<v8:content>Заполнить рек строка1</v8:content>
				</v8:item>
			</Title>
			<ToolTip>
				<v8:item>
					<v8:lang>ru</v8:lang>
					<v8:content>Заполнить рек строка1</v8:content>
				</v8:item>
			</ToolTip>
			<Action>ЗаполнитьРекСтрока1</Action>
		</Command>
		<Command name="ЗаполнитьРекСтрока2" id="2">
			<Title>
				<v8:item>
					<v8:lang>ru</v8:lang>
					<v8:content>Заполнить рек строка2</v8:content>
				</v8:item>
			</Title>
			<ToolTip>
				<v8:item>
					<v8:lang>ru</v8:lang>
					<v8:content>Заполнить рек строка2</v8:content>
				</v8:item>
			</ToolTip>
			<Action>ЗаполнитьРекСтрока2</Action>
		</Command>
		<Command name="КомандаДляКомандногоИнтерфейса" id="3">
			<Title>
				<v8:item>
					<v8:lang>ru</v8:lang>
					<v8:content>Команда для командного интерфейса</v8:content>
				</v8:item>
			</Title>
			<ToolTip>
				<v8:item>
					<v8:lang>ru</v8:lang>
					<v8:content>Команда для командного интерфейса</v8:content>
				</v8:item>
			</ToolTip>
			<Action>КомандаДляКомандногоИнтерфейса</Action>
		</Command>
		<Command name="ВывестиПредупреждение" id="4">
			<Title>
				<v8:item>
					<v8:lang>ru</v8:lang>
					<v8:content>Вывести предупреждение</v8:content>
				</v8:item>
			</Title>
			<ToolTip>
				<v8:item>
					<v8:lang>ru</v8:lang>
					<v8:content>Вывести предупреждение</v8:content>
				</v8:item>
			</ToolTip>
			<Action>ВывестиПредупреждение</Action>
		</Command>
		<Command name="ВвестиВНаименованиеИмяПользовтаеля" id="5">
			<Title>
				<v8:item>
					<v8:lang>ru</v8:lang>
					<v8:content>Ввести в наименование имя пользовтаеля</v8:content>
				</v8:item>
			</Title>
			<ToolTip>
				<v8:item>
					<v8:lang>ru</v8:lang>
					<v8:content>Ввести в наименование имя пользовтаеля</v8:content>
				</v8:item>
			</ToolTip>
			<Action>ВвестиВНаименованиеИмяПользовтаеля</Action>
		</Command>
		<Command name="ОткрытьСписокЗначениейСПометками" id="6">
			<Title>
				<v8:item>
					<v8:lang>ru</v8:lang>
					<v8:content>Открыть список значенией с пометками</v8:content>
				</v8:item>
			</Title>
			<ToolTip>
				<v8:item>
					<v8:lang>ru</v8:lang>
					<v8:content>Открыть список значенией с пометками</v8:content>
				</v8:item>
			</ToolTip>
			<Action>ОткрытьСписокЗначениейСПометками</Action>
		</Command>
	</Commands>
	<CommandInterface>
		<NavigationPanel>
			<Item>
				<Command>CommonCommand.ОбщаяКомандаДляСправочника1</Command>
				<Type>Added</Type>
				<CommandGroup>FormNavigationPanelGoTo</CommandGroup>
				<DefaultVisible>false</DefaultVisible>
			</Item>
		</NavigationPanel>
	</CommandInterface>
</Form>