﻿<?xml version="1.0" encoding="UTF-8"?>
<ClientApplicationInterface xmlns="http://v8.1c.ru/8.2/managed-application/core" xmlns:xs="http://www.w3.org/2001/XMLSchema" xmlns:xsi="http://www.w3.org/2001/XMLSchema-instance" xsi:type="InterfaceLayouter">
	<top>
		<panel id="4b4fb248-9d4c-47ce-a722-6daa8a1df83d">
			<uuid>8e10648b-f52d-4ec2-b4dd-87de33778d95</uuid>
		</panel>
	</top>
	<top>
		<panel id="3b4e0289-1bf7-4372-9f39-ef4168b96b85">
			<uuid>cbab57f2-a0f3-4f0a-89ea-4cb19570ab75</uuid>
		</panel>
	</top>
	<left>
		<panel id="949128f0-a096-431a-aac9-ca0a7e6d178c">
			<uuid>b553047f-c9aa-4157-978d-448ecad24248</uuid>
		</panel>
	</left>
	<panelDef id="b553047f-c9aa-4157-978d-448ecad24248"/>
	<panelDef id="8e10648b-f52d-4ec2-b4dd-87de33778d95"/>
	<panelDef id="13322b22-3960-4d68-93a6-fe2dd7f28ca3"/>
	<panelDef id="c933ac92-92cd-459d-81cc-e0c8a83ced99"/>
	<panelDef id="cbab57f2-a0f3-4f0a-89ea-4cb19570ab75"/>
	<panelDef id="b2735bd3-d822-4430-ba59-c9e869693b24"/>
</ClientApplicationInterface>