﻿<?xml version="1.0" encoding="UTF-8"?>
<Form xmlns="http://v8.1c.ru/8.3/xcf/logform" xmlns:app="http://v8.1c.ru/8.2/managed-application/core" xmlns:cfg="http://v8.1c.ru/8.1/data/enterprise/current-config" xmlns:dcscor="http://v8.1c.ru/8.1/data-composition-system/core" xmlns:dcsset="http://v8.1c.ru/8.1/data-composition-system/settings" xmlns:ent="http://v8.1c.ru/8.1/data/enterprise" xmlns:lf="http://v8.1c.ru/8.2/managed-application/logform" xmlns:style="http://v8.1c.ru/8.1/data/ui/style" xmlns:sys="http://v8.1c.ru/8.1/data/ui/fonts/system" xmlns:v8="http://v8.1c.ru/8.1/data/core" xmlns:v8ui="http://v8.1c.ru/8.1/data/ui" xmlns:web="http://v8.1c.ru/8.1/data/ui/colors/web" xmlns:win="http://v8.1c.ru/8.1/data/ui/colors/windows" xmlns:xr="http://v8.1c.ru/8.3/xcf/readable" xmlns:xs="http://www.w3.org/2001/XMLSchema" xmlns:xsi="http://www.w3.org/2001/XMLSchema-instance">
	<AutoCommandBar name="ФормаКоманднаяПанель" id="-1">
		<ChildItems>
			<Button name="СоздатьКнопку" id="16">
				<Type>CommandBarButton</Type>
				<CommandName>Form.Command.СоздатьКнопку</CommandName>
				<Parameter xsi:nil="true"/>
				<ExtendedTooltip name="СоздатьКнопкуРасширеннаяПодсказка" id="17"/>
			</Button>
			<Button name="УдалитьКнопку" id="18">
				<Type>CommandBarButton</Type>
				<CommandName>Form.Command.УдалитьКнопку</CommandName>
				<Parameter xsi:nil="true"/>
				<ExtendedTooltip name="УдалитьКнопкуРасширеннаяПодсказка" id="19"/>
			</Button>
		</ChildItems>
	</AutoCommandBar>
	<Events>
		<Event name="OnCreateAtServer">ПриСозданииНаСервере</Event>
	</Events>
	<ChildItems>
		<InputField name="Реквизит1" id="1">
			<DataPath>Реквизит1</DataPath>
			<ContextMenu name="Реквизит1КонтекстноеМеню" id="2"/>
			<ExtendedTooltip name="Реквизит1РасширеннаяПодсказка" id="3"/>
		</InputField>
		<InputField name="Реквизит2" id="4">
			<DataPath>Реквизит2</DataPath>
			<Visible>false</Visible>
			<ContextMenu name="Реквизит2КонтекстноеМеню" id="5"/>
			<ExtendedTooltip name="Реквизит2РасширеннаяПодсказка" id="6"/>
		</InputField>
		<InputField name="Реквизит3" id="20">
			<DataPath>Реквизит3</DataPath>
			<Enabled>false</Enabled>
			<ContextMenu name="Реквизит3КонтекстноеМеню" id="21"/>
			<ExtendedTooltip name="Реквизит3РасширеннаяПодсказка" id="22"/>
		</InputField>
		<InputField name="Реквизит4" id="10">
			<DataPath>Реквизит4</DataPath>
			<ReadOnly>true</ReadOnly>
			<ContextMenu name="Реквизит4КонтекстноеМеню" id="11"/>
			<ExtendedTooltip name="Реквизит4РасширеннаяПодсказка" id="12"/>
		</InputField>
		<LabelDecoration name="Декорация1" id="13">
			<Title formatted="false">
				<v8:item>
					<v8:lang>ru</v8:lang>
					<v8:content>Реквизит1 - стандартный
Реквизит2 - не видим
Реквизит3 - не доступен
Реквизит4 - только просмотр
НоваяКнопка  - создается видимой
НоваяКнопка2 - создается не видимой</v8:content>
				</v8:item>
			</Title>
			<ContextMenu name="Декорация1КонтекстноеМеню" id="14"/>
			<ExtendedTooltip name="Декорация1РасширеннаяПодсказка" id="15"/>
		</LabelDecoration>
		<Table name="ТЗ" id="23">
			<Representation>List</Representation>
			<AutoInsertNewRow>true</AutoInsertNewRow>
			<EnableStartDrag>true</EnableStartDrag>
			<EnableDrag>true</EnableDrag>
			<DataPath>ТЗ</DataPath>
			<RowFilter xsi:nil="true"/>
			<ContextMenu name="ТЗКонтекстноеМеню" id="24"/>
			<AutoCommandBar name="ТЗКоманднаяПанель" id="25">
				<Autofill>false</Autofill>
			</AutoCommandBar>
			<ExtendedTooltip name="ТЗРасширеннаяПодсказка" id="26"/>
			<SearchStringAddition name="ТЗСтрокаПоиска" id="27">
				<Source>
					<lf:elementId>23</lf:elementId>
					<lf:additionId>0</lf:additionId>
				</Source>
				<ContextMenu name="ТЗСтрокаПоискаКонтекстноеМеню" id="28"/>
				<ExtendedTooltip name="ТЗСтрокаПоискаРасширеннаяПодсказка" id="29"/>
			</SearchStringAddition>
			<ViewStatusAddition name="ТЗСостояниеПросмотра" id="30">
				<Source>
					<lf:elementId>23</lf:elementId>
					<lf:additionId>1</lf:additionId>
				</Source>
				<ContextMenu name="ТЗСостояниеПросмотраКонтекстноеМеню" id="31"/>
				<ExtendedTooltip name="ТЗСостояниеПросмотраРасширеннаяПодсказка" id="32"/>
			</ViewStatusAddition>
			<SearchControlAddition name="ТЗУправлениеПоиском" id="33">
				<Source>
					<lf:elementId>23</lf:elementId>
					<lf:additionId>2</lf:additionId>
				</Source>
				<ContextMenu name="ТЗУправлениеПоискомКонтекстноеМеню" id="34"/>
				<ExtendedTooltip name="ТЗУправлениеПоискомРасширеннаяПодсказка" id="35"/>
			</SearchControlAddition>
			<ChildItems>
				<InputField name="ТЗВидимаяКолонка" id="36">
					<DataPath>ТЗ.ВидимаяКолонка</DataPath>
					<EditMode>EnterOnInput</EditMode>
					<ContextMenu name="ТЗВидимаяКолонкаКонтекстноеМеню" id="37"/>
					<ExtendedTooltip name="ТЗВидимаяКолонкаРасширеннаяПодсказка" id="38"/>
				</InputField>
				<InputField name="ТЗСкрытаяКолонка" id="39">
					<DataPath>ТЗ.СкрытаяКолонка</DataPath>
					<Visible>false</Visible>
					<EditMode>EnterOnInput</EditMode>
					<ContextMenu name="ТЗСкрытаяКолонкаКонтекстноеМеню" id="40"/>
					<ExtendedTooltip name="ТЗСкрытаяКолонкаРасширеннаяПодсказка" id="41"/>
				</InputField>
				<InputField name="ТЗДоступнаяКолонка" id="42">
					<DataPath>ТЗ.ДоступнаяКолонка</DataPath>
					<EditMode>EnterOnInput</EditMode>
					<ContextMenu name="ТЗДоступнаяКолонкаКонтекстноеМеню" id="43"/>
					<ExtendedTooltip name="ТЗДоступнаяКолонкаРасширеннаяПодсказка" id="44"/>
				</InputField>
				<InputField name="ТЗНеДоступнаяКолонка" id="45">
					<DataPath>ТЗ.НеДоступнаяКолонка</DataPath>
					<Enabled>false</Enabled>
					<EditMode>EnterOnInput</EditMode>
					<ContextMenu name="ТЗНеДоступнаяКолонкаКонтекстноеМеню" id="46"/>
					<ExtendedTooltip name="ТЗНеДоступнаяКолонкаРасширеннаяПодсказка" id="47"/>
				</InputField>
				<InputField name="ТЗКолонкаТолькоПросмотр" id="48">
					<DataPath>ТЗ.КолонкаТолькоПросмотр</DataPath>
					<ReadOnly>true</ReadOnly>
					<EditMode>EnterOnInput</EditMode>
					<ContextMenu name="ТЗКолонкаТолькоПросмотрКонтекстноеМеню" id="49"/>
					<ExtendedTooltip name="ТЗКолонкаТолькоПросмотрРасширеннаяПодсказка" id="50"/>
				</InputField>
				<InputField name="ТЗРеквизит4" id="51">
					<DataPath>ТЗ.Реквизит4</DataPath>
					<ReadOnly>true</ReadOnly>
					<EditMode>EnterOnInput</EditMode>
					<ContextMenu name="ТЗРеквизит4КонтекстноеМеню" id="52"/>
					<ExtendedTooltip name="ТЗРеквизит4РасширеннаяПодсказка" id="53"/>
				</InputField>
			</ChildItems>
		</Table>
	</ChildItems>
	<Attributes>
		<Attribute name="Объект" id="1">
			<Type>
				<v8:Type>cfg:DataProcessorObject.ПроверкаСостоянияЭлементов</v8:Type>
			</Type>
			<MainAttribute>true</MainAttribute>
		</Attribute>
		<Attribute name="Реквизит1" id="2">
			<Type>
				<v8:Type>xs:string</v8:Type>
				<v8:StringQualifiers>
					<v8:Length>0</v8:Length>
					<v8:AllowedLength>Variable</v8:AllowedLength>
				</v8:StringQualifiers>
			</Type>
		</Attribute>
		<Attribute name="Реквизит2" id="3">
			<Type>
				<v8:Type>xs:string</v8:Type>
				<v8:StringQualifiers>
					<v8:Length>0</v8:Length>
					<v8:AllowedLength>Variable</v8:AllowedLength>
				</v8:StringQualifiers>
			</Type>
		</Attribute>
		<Attribute name="Реквизит3" id="4">
			<Type>
				<v8:Type>xs:string</v8:Type>
				<v8:StringQualifiers>
					<v8:Length>0</v8:Length>
					<v8:AllowedLength>Variable</v8:AllowedLength>
				</v8:StringQualifiers>
			</Type>
		</Attribute>
		<Attribute name="Реквизит4" id="5">
			<Type>
				<v8:Type>xs:string</v8:Type>
				<v8:StringQualifiers>
					<v8:Length>0</v8:Length>
					<v8:AllowedLength>Variable</v8:AllowedLength>
				</v8:StringQualifiers>
			</Type>
		</Attribute>
		<Attribute name="ТЗ" id="6">
			<Title>
				<v8:item>
					<v8:lang>ru</v8:lang>
					<v8:content>ТЗ</v8:content>
				</v8:item>
			</Title>
			<Type>
				<v8:Type>v8:ValueTable</v8:Type>
			</Type>
			<Columns>
				<Column name="ВидимаяКолонка" id="1">
					<Title>
						<v8:item>
							<v8:lang>ru</v8:lang>
							<v8:content>Видимая колонка</v8:content>
						</v8:item>
					</Title>
					<Type>
						<v8:Type>xs:string</v8:Type>
						<v8:StringQualifiers>
							<v8:Length>0</v8:Length>
							<v8:AllowedLength>Variable</v8:AllowedLength>
						</v8:StringQualifiers>
					</Type>
				</Column>
				<Column name="СкрытаяКолонка" id="2">
					<Title>
						<v8:item>
							<v8:lang>ru</v8:lang>
							<v8:content>Скрытая колонка</v8:content>
						</v8:item>
					</Title>
					<Type>
						<v8:Type>xs:string</v8:Type>
						<v8:StringQualifiers>
							<v8:Length>0</v8:Length>
							<v8:AllowedLength>Variable</v8:AllowedLength>
						</v8:StringQualifiers>
					</Type>
				</Column>
				<Column name="ДоступнаяКолонка" id="3">
					<Title>
						<v8:item>
							<v8:lang>ru</v8:lang>
							<v8:content>Доступная колонка</v8:content>
						</v8:item>
					</Title>
					<Type>
						<v8:Type>xs:string</v8:Type>
						<v8:StringQualifiers>
							<v8:Length>0</v8:Length>
							<v8:AllowedLength>Variable</v8:AllowedLength>
						</v8:StringQualifiers>
					</Type>
				</Column>
				<Column name="НеДоступнаяКолонка" id="4">
					<Title>
						<v8:item>
							<v8:lang>ru</v8:lang>
							<v8:content>Не доступная колонка</v8:content>
						</v8:item>
					</Title>
					<Type>
						<v8:Type>xs:string</v8:Type>
						<v8:StringQualifiers>
							<v8:Length>0</v8:Length>
							<v8:AllowedLength>Variable</v8:AllowedLength>
						</v8:StringQualifiers>
					</Type>
				</Column>
				<Column name="КолонкаТолькоПросмотр" id="5">
					<Title>
						<v8:item>
							<v8:lang>ru</v8:lang>
							<v8:content>Колонка только просмотр</v8:content>
						</v8:item>
					</Title>
					<Type>
						<v8:Type>xs:string</v8:Type>
						<v8:StringQualifiers>
							<v8:Length>0</v8:Length>
							<v8:AllowedLength>Variable</v8:AllowedLength>
						</v8:StringQualifiers>
					</Type>
				</Column>
				<Column name="Реквизит4" id="6">
					<Title>
						<v8:item>
							<v8:lang>ru</v8:lang>
							<v8:content>Реквизит4</v8:content>
						</v8:item>
					</Title>
					<Type>
						<v8:Type>xs:string</v8:Type>
						<v8:StringQualifiers>
							<v8:Length>0</v8:Length>
							<v8:AllowedLength>Variable</v8:AllowedLength>
						</v8:StringQualifiers>
					</Type>
				</Column>
			</Columns>
		</Attribute>
	</Attributes>
	<Commands>
		<Command name="СоздатьКнопку" id="1">
			<Title>
				<v8:item>
					<v8:lang>ru</v8:lang>
					<v8:content>Создать кнопку</v8:content>
				</v8:item>
			</Title>
			<ToolTip>
				<v8:item>
					<v8:lang>ru</v8:lang>
					<v8:content>Создать кнопку</v8:content>
				</v8:item>
			</ToolTip>
			<Action>СоздатьКнопку</Action>
		</Command>
		<Command name="НоваяКнопка" id="2">
			<Title>
				<v8:item>
					<v8:lang>ru</v8:lang>
					<v8:content>Новая кнопка</v8:content>
				</v8:item>
			</Title>
			<ToolTip>
				<v8:item>
					<v8:lang>ru</v8:lang>
					<v8:content>Новая кнопка</v8:content>
				</v8:item>
			</ToolTip>
			<Action>НоваяКнопка</Action>
		</Command>
		<Command name="УдалитьКнопку" id="3">
			<Title>
				<v8:item>
					<v8:lang>ru</v8:lang>
					<v8:content>Удалить кнопку</v8:content>
				</v8:item>
			</Title>
			<ToolTip>
				<v8:item>
					<v8:lang>ru</v8:lang>
					<v8:content>Удалить кнопку</v8:content>
				</v8:item>
			</ToolTip>
			<Action>УдалитьКнопку</Action>
		</Command>
	</Commands>
</Form>