﻿<?xml version="1.0" encoding="UTF-8"?>
<MetaDataObject xmlns="http://v8.1c.ru/8.3/MDClasses" xmlns:app="http://v8.1c.ru/8.2/managed-application/core" xmlns:cfg="http://v8.1c.ru/8.1/data/enterprise/current-config" xmlns:cmi="http://v8.1c.ru/8.2/managed-application/cmi" xmlns:ent="http://v8.1c.ru/8.1/data/enterprise" xmlns:lf="http://v8.1c.ru/8.2/managed-application/logform" xmlns:style="http://v8.1c.ru/8.1/data/ui/style" xmlns:sys="http://v8.1c.ru/8.1/data/ui/fonts/system" xmlns:v8="http://v8.1c.ru/8.1/data/core" xmlns:v8ui="http://v8.1c.ru/8.1/data/ui" xmlns:web="http://v8.1c.ru/8.1/data/ui/colors/web" xmlns:win="http://v8.1c.ru/8.1/data/ui/colors/windows" xmlns:xen="http://v8.1c.ru/8.3/xcf/enums" xmlns:xpr="http://v8.1c.ru/8.3/xcf/predef" xmlns:xr="http://v8.1c.ru/8.3/xcf/readable" xmlns:xs="http://www.w3.org/2001/XMLSchema" xmlns:xsi="http://www.w3.org/2001/XMLSchema-instance">
	<Report uuid="c47d1986-cb08-4825-b3d3-6ea65027b470">
		<InternalInfo>
			<xr:GeneratedType name="ReportObject.ОтчетПереносСтрок" category="Object">
				<xr:TypeId>4dd9421b-c4d4-4011-9822-bcbdf35678a9</xr:TypeId>
				<xr:ValueId>35c8e09c-dba3-45fd-bf25-ff2bf8b37e1c</xr:ValueId>
			</xr:GeneratedType>
			<xr:GeneratedType name="ReportManager.ОтчетПереносСтрок" category="Manager">
				<xr:TypeId>725e06ec-5e82-4c88-ad33-506d52ec6e7d</xr:TypeId>
				<xr:ValueId>c6d82820-aa1d-429e-838d-fd48de45007f</xr:ValueId>
			</xr:GeneratedType>
		</InternalInfo>
		<Properties>
			<Name>ОтчетПереносСтрок</Name>
			<Synonym>
				<v8:item>
					<v8:lang>ru</v8:lang>
					<v8:content>Отчет перенос строк</v8:content>
				</v8:item>
			</Synonym>
			<Comment/>
			<UseStandardCommands>true</UseStandardCommands>
			<DefaultForm>Report.ОтчетПереносСтрок.Form.ФормаОтчета</DefaultForm>
			<AuxiliaryForm/>
			<MainDataCompositionSchema/>
			<DefaultSettingsForm/>
			<AuxiliarySettingsForm/>
			<DefaultVariantForm/>
			<VariantsStorage/>
			<SettingsStorage/>
			<IncludeHelpInContents>false</IncludeHelpInContents>
			<ExtendedPresentation/>
			<Explanation/>
		</Properties>
		<ChildObjects>
			<Form>ФормаОтчета</Form>
		</ChildObjects>
	</Report>
</MetaDataObject>