﻿<?xml version="1.0" encoding="UTF-8"?>
<MetaDataObject xmlns="http://v8.1c.ru/8.3/MDClasses" xmlns:app="http://v8.1c.ru/8.2/managed-application/core" xmlns:cfg="http://v8.1c.ru/8.1/data/enterprise/current-config" xmlns:cmi="http://v8.1c.ru/8.2/managed-application/cmi" xmlns:ent="http://v8.1c.ru/8.1/data/enterprise" xmlns:lf="http://v8.1c.ru/8.2/managed-application/logform" xmlns:style="http://v8.1c.ru/8.1/data/ui/style" xmlns:sys="http://v8.1c.ru/8.1/data/ui/fonts/system" xmlns:v8="http://v8.1c.ru/8.1/data/core" xmlns:v8ui="http://v8.1c.ru/8.1/data/ui" xmlns:web="http://v8.1c.ru/8.1/data/ui/colors/web" xmlns:win="http://v8.1c.ru/8.1/data/ui/colors/windows" xmlns:xen="http://v8.1c.ru/8.3/xcf/enums" xmlns:xpr="http://v8.1c.ru/8.3/xcf/predef" xmlns:xr="http://v8.1c.ru/8.3/xcf/readable" xmlns:xs="http://www.w3.org/2001/XMLSchema" xmlns:xsi="http://www.w3.org/2001/XMLSchema-instance">
	<Configuration uuid="4dc3fe0e-a902-4bd4-ade4-fe4cb52ef86c" formatVersion="1.0">
		<InternalInfo>
			<xr:ContainedObject>
				<xr:ClassId>9cd510cd-abfc-11d4-9434-004095e12fc7</xr:ClassId>
				<xr:ObjectId>73e0d8f4-05c1-4622-b83c-d85d6a4ee963</xr:ObjectId>
			</xr:ContainedObject>
			<xr:ContainedObject>
				<xr:ClassId>9fcd25a0-4822-11d4-9414-008048da11f9</xr:ClassId>
				<xr:ObjectId>4427d7f2-485b-4463-8a73-dda037d5cbb7</xr:ObjectId>
			</xr:ContainedObject>
			<xr:ContainedObject>
				<xr:ClassId>e3687481-0a87-462c-a166-9f34594f9bba</xr:ClassId>
				<xr:ObjectId>99dc6e98-fb9b-4e70-aeda-9ed04aac712a</xr:ObjectId>
			</xr:ContainedObject>
			<xr:ContainedObject>
				<xr:ClassId>9de14907-ec23-4a07-96f0-85521cb6b53b</xr:ClassId>
				<xr:ObjectId>8174692e-10eb-42bf-b791-e45f6845a1ae</xr:ObjectId>
			</xr:ContainedObject>
			<xr:ContainedObject>
				<xr:ClassId>51f2d5d8-ea4d-4064-8892-82951750031e</xr:ClassId>
				<xr:ObjectId>936237de-800b-4f15-9fd3-be6c2e234b04</xr:ObjectId>
			</xr:ContainedObject>
			<xr:ContainedObject>
				<xr:ClassId>e68182ea-4237-4383-967f-90c1e3370bc7</xr:ClassId>
				<xr:ObjectId>c0553782-08f3-415d-94e5-cadf64b65601</xr:ObjectId>
			</xr:ContainedObject>
		</InternalInfo>
		<Properties>
			<Name>Конфигурация</Name>
			<Synonym/>
			<Comment/>
			<NamePrefix/>
			<DefaultRunMode>ManagedApplication</DefaultRunMode>
			<UsePurposes>
				<v8:Value xsi:type="app:ApplicationUsePurpose">PersonalComputer</v8:Value>
			</UsePurposes>
			<ScriptVariant>Russian</ScriptVariant>
			<DefaultRoles/>
			<Vendor/>
			<Version/>
			<UpdateCatalogAddress/>
			<IncludeHelpInContents>false</IncludeHelpInContents>
			<UseManagedFormInOrdinaryApplication>false</UseManagedFormInOrdinaryApplication>
			<UseOrdinaryFormInManagedApplication>false</UseOrdinaryFormInManagedApplication>
			<AdditionalFullTextSearchDictionaries/>
			<CommonSettingsStorage/>
			<ReportsUserSettingsStorage/>
			<ReportsVariantsStorage/>
			<FormDataSettingsStorage/>
			<DynamicListsUserSettingsStorage/>
			<Content/>
			<DefaultReportForm/>
			<DefaultReportVariantForm/>
			<DefaultReportSettingsForm/>
			<DefaultDynamicListSettingsForm/>
			<DefaultSearchForm/>
			<RequiredMobileApplicationPermissions>
				<v8:pair>
					<v8:Key xsi:type="app:RequiredMobileApplicationPermissions">Multimedia</v8:Key>
					<v8:Value xsi:type="xs:boolean">false</v8:Value>
				</v8:pair>
				<v8:pair>
					<v8:Key xsi:type="app:RequiredMobileApplicationPermissions">Location</v8:Key>
					<v8:Value xsi:type="xs:boolean">false</v8:Value>
				</v8:pair>
				<v8:pair>
					<v8:Key xsi:type="app:RequiredMobileApplicationPermissions">Contacts</v8:Key>
					<v8:Value xsi:type="xs:boolean">false</v8:Value>
				</v8:pair>
				<v8:pair>
					<v8:Key xsi:type="app:RequiredMobileApplicationPermissions">Calendars</v8:Key>
					<v8:Value xsi:type="xs:boolean">false</v8:Value>
				</v8:pair>
				<v8:pair>
					<v8:Key xsi:type="app:RequiredMobileApplicationPermissions">Telephony</v8:Key>
					<v8:Value xsi:type="xs:boolean">false</v8:Value>
				</v8:pair>
				<v8:pair>
					<v8:Key xsi:type="app:RequiredMobileApplicationPermissions">PushNotification</v8:Key>
					<v8:Value xsi:type="xs:boolean">false</v8:Value>
				</v8:pair>
				<v8:pair>
					<v8:Key xsi:type="app:RequiredMobileApplicationPermissions">LocalNotification</v8:Key>
					<v8:Value xsi:type="xs:boolean">false</v8:Value>
				</v8:pair>
			</RequiredMobileApplicationPermissions>
			<DefaultInterface/>
			<DefaultStyle/>
			<DefaultLanguage>Language.Русский</DefaultLanguage>
			<BriefInformation/>
			<DetailedInformation/>
			<Copyright/>
			<VendorInformationAddress/>
			<ConfigurationInformationAddress/>
			<DataLockControlMode>Managed</DataLockControlMode>
			<ObjectAutonumerationMode>NotAutoFree</ObjectAutonumerationMode>
			<ModalityUseMode>DontUse</ModalityUseMode>
			<SynchronousExtensionAndAddInCallUseMode>DontUse</SynchronousExtensionAndAddInCallUseMode>
			<InterfaceCompatibilityMode>Taxi</InterfaceCompatibilityMode>
			<CompatibilityMode>DontUse</CompatibilityMode>
			<DefaultConstantsForm/>
		</Properties>
		<ChildObjects>
			<Language>Русский</Language>
			<Subsystem>Основная</Subsystem>
			<Subsystem>Склады</Subsystem>
			<Role>Админ</Role>
			<Role>НедоступнаяРоль</Role>
			<CommonModule>СлужебныйМодуль</CommonModule>
			<CommonCommand>ОбщаяКомандаДляСправочника1</CommonCommand>
			<Constant>ПутьКVanessaBehavior</Constant>
			<Constant>СлужебныйСчетчик</Constant>
			<Catalog>Справочник1</Catalog>
			<Catalog>Справочник2</Catalog>
			<Catalog>Справочник3</Catalog>
			<Catalog>Склады</Catalog>
			<Catalog>СправочникСТаблицейЗначенийНаФорме</Catalog>
			<Catalog>Товары</Catalog>
			<Document>Документ1</Document>
			<Document>ПриходнаяНакладая</Document>
			<Enum>Перечисление1</Enum>
			<Report>КомпоновкаТест</Report>
			<Report>ОтчетПереносСтрок</Report>
			<DataProcessor>ОткрытьVanessaBehavior</DataProcessor>
			<DataProcessor>МаксимизироватОкноПриОткрытии</DataProcessor>
			<DataProcessor>ВыполнитьПроизвольноеВыражение</DataProcessor>
			<DataProcessor>ПроверкаСостоянияЭлементов</DataProcessor>
			<InformationRegister>РегистрСведений1</InformationRegister>
		</ChildObjects>
	</Configuration>
</MetaDataObject>