﻿<?xml version="1.0" encoding="UTF-8"?>
<MetaDataObject xmlns="http://v8.1c.ru/8.3/MDClasses" xmlns:app="http://v8.1c.ru/8.2/managed-application/core" xmlns:cfg="http://v8.1c.ru/8.1/data/enterprise/current-config" xmlns:cmi="http://v8.1c.ru/8.2/managed-application/cmi" xmlns:ent="http://v8.1c.ru/8.1/data/enterprise" xmlns:lf="http://v8.1c.ru/8.2/managed-application/logform" xmlns:style="http://v8.1c.ru/8.1/data/ui/style" xmlns:sys="http://v8.1c.ru/8.1/data/ui/fonts/system" xmlns:v8="http://v8.1c.ru/8.1/data/core" xmlns:v8ui="http://v8.1c.ru/8.1/data/ui" xmlns:web="http://v8.1c.ru/8.1/data/ui/colors/web" xmlns:win="http://v8.1c.ru/8.1/data/ui/colors/windows" xmlns:xen="http://v8.1c.ru/8.3/xcf/enums" xmlns:xpr="http://v8.1c.ru/8.3/xcf/predef" xmlns:xr="http://v8.1c.ru/8.3/xcf/readable" xmlns:xs="http://www.w3.org/2001/XMLSchema" xmlns:xsi="http://www.w3.org/2001/XMLSchema-instance">
	<Subsystem uuid="97c4a7ee-0275-42b2-8147-b74820bf0ef6">
		<Properties>
			<Name>Основная</Name>
			<Synonym>
				<v8:item>
					<v8:lang>ru</v8:lang>
					<v8:content>Основная</v8:content>
				</v8:item>
			</Synonym>
			<Comment/>
			<IncludeHelpInContents>true</IncludeHelpInContents>
			<IncludeInCommandInterface>true</IncludeInCommandInterface>
			<Explanation/>
			<Picture/>
			<Content>
				<xr:Item xsi:type="xr:MDObjectRef">Catalog.Справочник1</xr:Item>
				<xr:Item xsi:type="xr:MDObjectRef">Catalog.Справочник2</xr:Item>
				<xr:Item xsi:type="xr:MDObjectRef">Role.Админ</xr:Item>
				<xr:Item xsi:type="xr:MDObjectRef">Enum.Перечисление1</xr:Item>
				<xr:Item xsi:type="xr:MDObjectRef">InformationRegister.РегистрСведений1</xr:Item>
				<xr:Item xsi:type="xr:MDObjectRef">Catalog.Справочник3</xr:Item>
				<xr:Item xsi:type="xr:MDObjectRef">CommonCommand.ОбщаяКомандаДляСправочника1</xr:Item>
				<xr:Item xsi:type="xr:MDObjectRef">Constant.ПутьКVanessaBehavior</xr:Item>
				<xr:Item xsi:type="xr:MDObjectRef">DataProcessor.ОткрытьVanessaBehavior</xr:Item>
				<xr:Item xsi:type="xr:MDObjectRef">DataProcessor.МаксимизироватОкноПриОткрытии</xr:Item>
				<xr:Item xsi:type="xr:MDObjectRef">Constant.СлужебныйСчетчик</xr:Item>
				<xr:Item xsi:type="xr:MDObjectRef">Report.КомпоновкаТест</xr:Item>
				<xr:Item xsi:type="xr:MDObjectRef">Report.ОтчетПереносСтрок</xr:Item>
				<xr:Item xsi:type="xr:MDObjectRef">Document.Документ1</xr:Item>
				<xr:Item xsi:type="xr:MDObjectRef">Catalog.СправочникСТаблицейЗначенийНаФорме</xr:Item>
				<xr:Item xsi:type="xr:MDObjectRef">Catalog.Товары</xr:Item>
				<xr:Item xsi:type="xr:MDObjectRef">DataProcessor.ВыполнитьПроизвольноеВыражение</xr:Item>
				<xr:Item xsi:type="xr:MDObjectRef">Document.ПриходнаяНакладая</xr:Item>
				<xr:Item xsi:type="xr:MDObjectRef">DataProcessor.ПроверкаСостоянияЭлементов</xr:Item>
			</Content>
		</Properties>
		<ChildObjects/>
	</Subsystem>
</MetaDataObject>